group,beta,chis
main,0.30000000000000,4:8:16:24:32
main,0.40000000000000,4:8:16:24:32
critical,0.44068679350977147,4:6:8:10:12:14:16:20:24:28:32:36:48
main,0.50000000000000,4:8:16:24:32
main,0.60000000000000,4:8:16:24:32
logbc_below,0.44058175,4:6:8:10:12:16:32
logbc_below,0.44062772,4:6:8:10:12:16:32
logbc_below,0.44065358,4:6:8:10:12:16:32
logbc_below,0.44066811,4:6:8:10:12:16:32
logbc_below,0.44067629,4:6:8:10:12:16:32
logbc_below,0.44068089,4:6:8:10:12:16:32
logbc_below,0.44068347,4:6:8:10:12:16:32
logbc_below,0.44068493,4:6:8:10:12:16:32
logbc_above,0.44142526,4:6:8:10:12:16:32
logbc_above,0.44110207,4:6:8:10:12:16:32
logbc_above,0.44092032,4:6:8:10:12:16:32
logbc_above,0.44081811,4:6:8:10:12:16:32
logbc_above,0.44076064,4:6:8:10:12:16:32
logbc_above,0.44072832,4:6:8:10:12:16:32
logbc_above,0.44071015,4:6:8:10:12:16:32
logbc_above,0.44069993,4:6:8:10:12:16:32
dense_below,0.16362155196607,4:6:8:10:12:16:32
dense_below,0.26541555475228,4:6:8:10:12:16:32
dense_below,0.33725826699278,4:6:8:10:12:16:32
dense_below,0.38172329595269,4:6:8:10:12:16:32
dense_below,0.40766226266774,4:6:8:10:12:16:32
dense_below,0.42236218494980,4:6:8:10:12:16:32
dense_below,0.43056967239509,4:6:8:10:12:16:32
dense_below,0.43511621746807,4:6:8:10:12:16:32
dense_below,0.43762412004727,4:6:8:10:12:16:32
dense_below,0.43900431317144,4:6:8:10:12:16:32
dense_below,0.43976293190036,4:6:8:10:12:16:32
dense_below,0.44017961786831,4:6:8:10:12:16:32
dense_below,0.44040840454546,4:6:8:10:12:16:32
dense_below,0.44053399683176,4:6:8:10:12:16:32
dense_above,0.47218317015208,4:6:8:10:12:16:32
dense_above,0.45780605539250,4:6:8:10:12:16:32
dense_above,0.45003193991263,4:6:8:10:12:16:32
dense_above,0.44580042671537,4:6:8:10:12:16:32
dense_above,0.44348866924400,4:6:8:10:12:16:32
dense_above,0.44222312637793,4:6:8:10:12:16:32
dense_above,0.44152953848769,4:6:8:10:12:16:32
dense_above,0.44069445398815,4:6:8:10:12:16:32
dense_above,0.44069099765917,4:6:8:10:12:16:32
dense_above,0.44068910079279,4:6:8:10:12:16:32
dense_above,0.44068805977261,4:6:8:10:12:16:32
dense_above,0.44068748844927,4:6:8:10:12:16:32
